date,entity,address,address2,respondent,client,asatdate,description,quantity,value
01/01/20x6,Apple,"Fake address Way, Fake","FK, FK1-1209",Alice Smith,Fake Audit Client Ltd.,12/31/20x5,Apple,100,"$1,000,000"
01/01/20x6,Banana,"Fake address Way, Fake","FK, FK1-1209",Charles Oliveira,Fake Audit Client Ltd.,12/31/20x5,Banana,120,"$2,000,000"
01/01/20x6,Melon,"Fake address Way, Fake","FK, FK1-1209",Justin Gaethje,Fake Audit Client Ltd.,12/31/20x5,Melon,200,"$3,000,000"
01/01/20x6,Orange,"Fake address Way, Fake","FK, FK1-1209",Islam Makachaev,Fake Audit Client Ltd.,12/31/20x5,Orange,10000,"$1,000,000"
01/01/20x6,Cherry,"Fake address Way, Fake","FK, FK1-1209",Sean O'Malley,Fake Audit Client Ltd.,12/31/20x5,Cherry,1000,"$2,000,000"
01/01/20x6,Basketball,"Fake address Way, Fake","FK, FK1-1209",Demetrious Johnson,Fake Audit Client Ltd.,12/31/20x5,Cherry,450,"$3,000,000"
01/01/20x6,Coconut ,"Fake address Way, Fake","FK, FK1-1209",Demetrious Johnson,Fake Audit Client Ltd.,12/31/20x5,Coconut ,380,"$1,000,000"
01/01/20x6,Strawberry,"Fake address Way, Fake","FK, FK1-1209",Demetrious Johnson,Fake Audit Client Ltd.,12/31/20x5,Strawberry,642,"$2,000,000"
01/01/20x6,Blackberry,"Fake address Way, Fake","FK, FK1-1209",Petr Yan,Fake Audit Client Ltd.,12/31/20x5,Apple,786,"$3,000,000"
01/01/20x6,Soccer,"Fake address Way, Fake","FK, FK1-1209",Petr Yan,Fake Audit Client Ltd.,12/31/20x5,Banana,123,"$1,000,000"
01/01/20x6,Pear,"Fake address Way, Fake","FK, FK1-1209",Ciryl Gane,Fake Audit Client Ltd.,12/31/20x5,Pear,6714,"$2,000,000"
01/01/20x6,Grape,"Fake address Way, Fake","FK, FK1-1209",Israel Adesanya,Fake Audit Client Ltd.,12/31/20x5,apple,213,"$3,000,000"
01/01/20x6,UFC,"Fake address Way, Fake","FK, FK1-1209",Alice Smith,Fake Audit Client Ltd.,12/31/20x5,Apple,100,"$1,000,000"
01/01/20x6,ESPN,"Fake address Way, Fake","FK, FK1-1209",Charles Oliveira,Fake Audit Client Ltd.,12/31/20x5,Banana,120,"$2,000,000"
01/01/20x6,Pie,"Fake address Way, Fake","FK, FK1-1209",Justin Gaethje,Fake Audit Client Ltd.,12/31/20x5,Melon,200,"$3,000,000"
01/01/20x6,Cake,"Fake address Way, Fake","FK, FK1-1209",Islam Makachaev,Fake Audit Client Ltd.,12/31/20x5,Orange,10000,"$1,000,000"
01/01/20x6,Water,"Fake address Way, Fake","FK, FK1-1209",Sean O'Malley,Fake Audit Client Ltd.,12/31/20x5,Cherry,1000,"$2,000,000"
01/01/20x6,Soda,"Fake address Way, Fake","FK, FK1-1209",Demetrious Johnson,Fake Audit Client Ltd.,12/31/20x5,Cherry,450,"$3,000,000"
01/01/20x6,Chips ,"Fake address Way, Fake","FK, FK1-1209",Demetrious Johnson,Fake Audit Client Ltd.,12/31/20x5,Coconut ,380,"$1,000,000"
01/01/20x6,Bakery,"Fake address Way, Fake","FK, FK1-1209",Demetrious Johnson,Fake Audit Client Ltd.,12/31/20x5,Strawberry,642,"$2,000,000"
01/01/20x6,Garage,"Fake address Way, Fake","FK, FK1-1209",Petr Yan,Fake Audit Client Ltd.,12/31/20x5,Apple,786,"$3,000,000"
01/01/20x6,Fake,"Fake address Way, Fake","FK, FK1-1209",Petr Yan,Fake Audit Client Ltd.,12/31/20x5,Banana,123,"$1,000,000"
01/01/20x6,Fake Name,"Fake address Way, Fake","FK, FK1-1209",Ciryl Gane,Fake Audit Client Ltd.,12/31/20x5,Pear,6714,"$2,000,000"
01/01/20x6,Football,"Fake address Way, Fake","FK, FK1-1209",Israel Adesanya,Fake Audit Client Ltd.,12/31/20x5,Pear,6714,"$2,000,000"
01/01/20x6,Baseball,"Fake address Way, Fake","FK, FK1-1209",Alice Smith,Fake Audit Client Ltd.,12/31/20x5,Apple,100,"$1,000,000"
01/01/20x6,Skateboard,"Fake address Way, Fake","FK, FK1-1209",Charles Oliveira,Fake Audit Client Ltd.,12/31/20x5,Banana,120,"$2,000,000"
01/01/20x6,Surf,"Fake address Way, Fake","FK, FK1-1209",Justin Gaethje,Fake Audit Client Ltd.,12/31/20x5,Melon,200,"$3,000,000"
01/01/20x6,Crab,"Fake address Way, Fake","FK, FK1-1209",Islam Makachaev,Fake Audit Client Ltd.,12/31/20x5,Orange,10000,"$1,000,000"
01/01/20x6,Lobster,"Fake address Way, Fake","FK, FK1-1209",Sean O'Malley,Fake Audit Client Ltd.,12/31/20x5,Cherry,1000,"$2,000,000"
01/01/20x6,Crayfish,"Fake address Way, Fake","FK, FK1-1209",Demetrious Johnson,Fake Audit Client Ltd.,12/31/20x5,Cherry,450,"$3,000,000"
01/01/20x6,Salmon,"Fake address Way, Fake","FK, FK1-1209",Demetrious Johnson,Fake Audit Client Ltd.,12/31/20x5,Coconut ,380,"$1,000,000"
01/01/20x6,Tuna ,"Fake address Way, Fake","FK, FK1-1209",Demetrious Johnson,Fake Audit Client Ltd.,12/31/20x5,Strawberry,642,"$2,000,000"
01/01/20x6,Guitar,"Fake address Way, Fake","FK, FK1-1209",Petr Yan,Fake Audit Client Ltd.,12/31/20x5,Apple,786,"$3,000,000"
01/01/20x6,Drums,"Fake address Way, Fake","FK, FK1-1209",Petr Yan,Fake Audit Client Ltd.,12/31/20x5,Banana,123,"$1,000,000"
01/01/20x6,Keyboard,"Fake address Way, Fake","FK, FK1-1209",Ciryl Gane,Fake Audit Client Ltd.,12/31/20x5,Pear,6714,"$2,000,000"
01/01/20x6,CPU,"Fake address Way, Fake","FK, FK1-1209",Israel Adesanya,Fake Audit Client Ltd.,12/31/20x5,Banana,120,"$2,000,000"
01/01/20x6,RAM,"Fake address Way, Fake","FK, FK1-1209",Alice Smith,Fake Audit Client Ltd.,12/31/20x5,Apple,100,"$1,000,000"
01/01/20x6,GPU,"Fake address Way, Fake","FK, FK1-1209",Charles Oliveira,Fake Audit Client Ltd.,12/31/20x5,Banana,120,"$2,000,000"
01/01/20x6,Books,"Fake address Way, Fake","FK, FK1-1209",Justin Gaethje,Fake Audit Client Ltd.,12/31/20x5,Melon,200,"$3,000,000"
01/01/20x6,Coffee,"Fake address Way, Fake","FK, FK1-1209",Islam Makachaev,Fake Audit Client Ltd.,12/31/20x5,Orange,10000,"$1,000,000"
01/01/20x6,Turkey,"Fake address Way, Fake","FK, FK1-1209",Sean O'Malley,Fake Audit Client Ltd.,12/31/20x5,Cherry,1000,"$2,000,000"
01/01/20x6,Chicken ,"Fake address Way, Fake","FK, FK1-1209",Demetrious Johnson,Fake Audit Client Ltd.,12/31/20x5,Cherry,450,"$3,000,000"
01/01/20x6,Beef,"Fake address Way, Fake","FK, FK1-1209",Demetrious Johnson,Fake Audit Client Ltd.,12/31/20x5,Coconut ,380,"$1,000,000"
01/01/20x6,Ukulele,"Fake address Way, Fake","FK, FK1-1209",Demetrious Johnson,Fake Audit Client Ltd.,12/31/20x5,Strawberry,642,"$2,000,000"
01/01/20x6,Ramen,"Fake address Way, Fake","FK, FK1-1209",Petr Yan,Fake Audit Client Ltd.,12/31/20x5,Apple,786,"$3,000,000"
01/01/20x6,Pencil,"Fake address Way, Fake","FK, FK1-1209",Petr Yan,Fake Audit Client Ltd.,12/31/20x5,Banana,123,"$1,000,000"
01/01/20x6,Pencil,"Fake address Way, Fake","FK, FK1-1209",Ciryl Gane,Fake Audit Client Ltd.,12/31/20x5,Pear,6714,"$2,000,000"
01/01/20x6,Marker,"Fake address Way, Fake","FK, FK1-1209",Israel Adesanya,Fake Audit Client Ltd.,12/31/20x5,Coconut ,380,"$1,000,000"
01/01/20x6,Clams,"Fake address Way, Fake","FK, FK1-1209",Alice Smith,Fake Audit Client Ltd.,12/31/20x5,apple,100,"$3,000,000"
